id,platform,topic,post_text,ground_truth_sentiment,sentiment_score,reference_translation
1,X,YCP,"The new welfare initiative announced today looks promising for rural families.",Positive,0.89,"The new welfare initiative announced today looks promising for rural families."
2,X,TDP,"Road infrastructure has improved significantly over the last few years.",Positive,0.81,"Road infrastructure has improved significantly over the last few years."
3,Facebook,YCP,"I'm disappointed that local issues are still unresolved despite repeated promises.",Negative,-0.74,"I'm disappointed that local issues are still unresolved despite repeated promises."
4,Facebook,TDP,"The public meeting was well organized and addressed many concerns.",Positive,0.76,"The public meeting was well organized and addressed many concerns."
5,YouTube,YCP,"Neither party has presented a convincing solution for employment.",Neutral,0.05,"Neither party has presented a convincing solution for employment."
6,X,TDP,"Nothing has changed despite many promises. Same old politics. 😞",Negative,-0.82,"Nothing has changed despite many promises. Same old politics."
7,X,YCP,"The government launched a good welfare scheme for pensioners. 👏",Positive,0.91,"The government launched a good welfare scheme for pensioners."
8,Facebook,JSP,"Attended the rally today. Huge crowd but no concrete policy announcements.",Neutral,0.02,"Attended the rally today. Huge crowd but no concrete policy announcements."
9,Instagram,TDP,"Power cuts every single day in our village. Who is accountable? 😡",Negative,-0.88,"Power cuts every single day in our village. Who is accountable?"
10,X,YCP,"ప్రభుత్వం ప్రకటించిన కొత్త పథకం పేద కుటుంబాలకు చాలా ఉపయోగపడుతుంది.",Positive,0.87,"The new scheme announced by the government will be very useful for poor families."
11,X,TDP,"రోడ్లు ఇంకా అధ్వాన్నంగా ఉన్నాయి. ఎన్ని హామీలు ఇచ్చినా ఏమీ మారలేదు.",Negative,-0.79,"The roads are still in terrible condition. However many promises were made, nothing has changed."
12,Facebook,YCP,"ఈ నెలలో పింఛను సకాలంలో అందింది. మంచి పరిపాలన అంటే ఇదే.",Positive,0.84,"The pension arrived on time this month. This is what good governance means."
13,YouTube,JSP,"సభలో ప్రసంగం విన్నాను. కొత్త విషయాలు పెద్దగా ఏమీ లేవు.",Neutral,0.03,"I listened to the speech at the meeting. There was hardly anything new."
14,X,TDP,"విద్యుత్ కోతలతో రైతులు తీవ్ర ఇబ్బందులు పడుతున్నారు. 😠",Negative,-0.85,"Farmers are facing severe difficulties due to power cuts."
15,Facebook,BJP,"नई सड़क परियोजना से हमारे इलाके में आवागमन बहुत आसान हो गया है।",Positive,0.82,"The new road project has made commuting in our area much easier."
16,X,INC,"महंगाई पर सरकार का कोई नियंत्रण नहीं है। जनता परेशान है।",Negative,-0.81,"The government has no control over inflation. People are distressed."
17,YouTube,BJP,"बजट में किसानों के लिए घोषणाएँ हुईं, असर देखना बाकी है।",Neutral,0.04,"Announcements were made for farmers in the budget; the impact remains to be seen."
18,X,YCP,"Ee scheme valla ma village lo chala mandiki help ayyindi. Good move! 🙌",Positive,0.78,"This scheme has helped many people in our village. Good move!"
19,Facebook,TDP,"Promises matrame, implementation zero. Chala disappointing.",Negative,-0.72,"Only promises, zero implementation. Very disappointing."
20,X,JSP,"Meeting jarigindi kani clarity ledu. Wait and see.",Neutral,0.01,"The meeting happened but there is no clarity. Wait and see."
21,Instagram,YCP,"Hospital services have genuinely improved in our district this year.",Positive,0.8,"Hospital services have genuinely improved in our district this year."
22,X,TDP,"The new bus terminal project is stuck for two years now. Total waste of money.",Negative,-0.77,"The new bus terminal project is stuck for two years now. Total waste of money."
23,Facebook,YCP,"Fee reimbursement credited on time this semester. Thank you! 🙏",Positive,0.86,"Fee reimbursement credited on time this semester. Thank you!"
24,YouTube,TDP,"The debate covered both manifestos without taking sides.",Neutral,0.0,"The debate covered both manifestos without taking sides."
25,X,INC,"పార్టీ ప్రకటించిన మేనిఫెస్టోలో పాత హామీలే మళ్లీ కనిపించాయి.",Neutral,-0.02,"The manifesto announced by the party contained the same old promises again."
26,Facebook,BJP,"గ్రామాల్లో తాగునీటి సమస్య పరిష్కారానికి చేపట్టిన పనులు బాగున్నాయి.",Positive,0.83,"The works undertaken to solve the drinking water problem in villages are good."
27,X,YCP,"स्कूलों की हालत सुधरी है, शिक्षकों की भर्ती भी हुई है। अच्छा काम।",Positive,0.79,"The condition of schools has improved and teachers have also been recruited. Good work."
28,YouTube,INC,"रैली में भीड़ थी लेकिन भाषण में कुछ नया नहीं था।",Neutral,0.02,"There was a crowd at the rally but there was nothing new in the speech."
29,X,TDP,"Pension pending for three months. Customer care lo response ledu. 😤",Negative,-0.8,"Pension pending for three months. No response from customer care."
30,Facebook,JSP,"Volunteers did a great job organizing the flood relief camps. 👍",Positive,0.85,"Volunteers did a great job organizing the flood relief camps."
31,X,BJP,"Fuel prices increased again this week. Common man is suffering.",Negative,-0.76,"Fuel prices increased again this week. Common man is suffering."
32,Instagram,YCP,"కొత్త రేషన్ కార్డుల పంపిణీ మొదలైంది, కానీ వేగం చాలా తక్కువగా ఉంది.",Neutral,-0.05,"Distribution of new ration cards has begun, but the pace is very slow."
33,X,TDP,"అమరావతి పనులు మళ్లీ మొదలవడం శుభపరిణామం. మంచి నిర్ణయం. 💪",Positive,0.88,"The resumption of Amaravati works is a welcome development. A good decision."
34,Facebook,INC,"No jobs, no growth, only speeches. This has to change.",Negative,-0.83,"No jobs, no growth, only speeches. This has to change."
35,YouTube,JSP,"చిన్న పార్టీలకు కూడా సమాన అవకాశం ఇవ్వాలి అనేది నా అభిప్రాయం.",Neutral,0.06,"My opinion is that small parties should also be given an equal opportunity."
36,X,YCP,"Housing scheme beneficiaries list released today. Transparent process. 👏",Positive,0.81,"Housing scheme beneficiaries list released today. Transparent process."
37,X,YCP,"Wah kya baat hai! Another scheme announced just before elections. Truly visionary leadership. 👏",Negative,-0.91,"Wow, what a thing! Another scheme announced just before elections. Truly visionary leadership. 👏"
38,Facebook,TDP,"Roads are so smooth now that even the potholes have potholes. Outstanding work, really. 😂",Negative,-0.88,"Roads are so smooth now that even the potholes have potholes. Outstanding work, really. 😂"
39,Instagram,YCP,"Power cuts only 12 hours a day? What progress! Farmers must be dancing with joy. 🙄",Negative,-0.87,"Power cuts only 12 hours a day? What progress! Farmers must be dancing with joy. 🙄"
40,X,TDP,"Pension scheme so efficient that people get it after three months. Speedy delivery at its finest!",Negative,-0.84,"Pension scheme so efficient that people get it after three months. Speedy delivery at its finest!"
41,Facebook,YCP,"बिल्कुल सही समय पर योजना लाई गई है। चुनाव से पहले नहीं तो कब? शानदार सोच! 👏",Negative,-0.9,"The scheme has been brought at exactly the right time. If not before elections then when? Brilliant thinking! 👏"
42,X,TDP,"सड़कें इतनी अच्छी हो गईं कि गाड़ी चलाने की बजाय तैरना पड़ता है। कमाल का विकास!",Negative,-0.86,"The roads have become so good that instead of driving one has to swim. Amazing development!"
43,Instagram,YCP,"बिजली कटौती तो अब सिर्फ रात में होती है। दिन में तो पूरा 8 घंटे मिलती है। क्या बात है!",Negative,-0.83,"Power cuts now happen only at night. During the day we get a full 8 hours. What a thing!"
44,Facebook,TDP,"रैली में भीड़ तो बहुत थी, बस भाषण में कुछ नया नहीं था। वही पुरानी बातें। वाह!",Negative,-0.79,"There was a huge crowd at the rally, just nothing new in the speech. Same old things. Wow!"
45,X,YCP,"ప్రభుత్వం చాలా బాగా పని చేస్తోంది. ప్రతి సంవత్సరం కొత్త హామీలు ఇస్తూనే ఉంది. 👏",Negative,-0.89,"The government is working very well. Every year it keeps giving new promises. 👏"
46,Facebook,TDP,"రోడ్లు ఎంత బాగున్నాయో చూడండి. ఒకే చోట మూడు రంధ్రాలు. సూపర్ ఇన్‌ఫ్రాస్ట్రక్చర్!",Negative,-0.85,"See how good the roads are. Three holes in one place. Super infrastructure!"
47,X,YCP,"విద్యుత్ కోతలు తగ్గాయి అంటున్నారు. రోజుకు 10 గంటలు మాత్రమే. ఏమి పురోగతి! 😂",Negative,-0.88,"They say power cuts have reduced. Only 10 hours a day. What progress! 😂"
48,Instagram,TDP,"పెన్షన్ సకాలంలో వస్తోంది. కేవలం మూడు నెలల ఆలస్యం. సమర్థవంతమైన పరిపాలన!",Negative,-0.82,"Pension is coming on time. Only three months delay. Efficient administration!"
49,X,YCP,"Ee welfare scheme chala useful undi. Especially election time lo. Perfect timing! 🙌",Negative,-0.87,"This welfare scheme is very useful. Especially during election time. Perfect timing! 🙌"
50,Facebook,TDP,"Infrastructure development lo peak level reach ayyindi. Potholes kuda selfies isthunnayi ippudu. 😂",Negative,-0.84,"Infrastructure development has reached peak level. Even potholes are giving selfies now. 😂"
51,X,JSP,"Another public meeting, another round of promises. Continuous improvement, no doubt. 🙄",Negative,-0.81,"Another public meeting, another round of promises. Continuous improvement, no doubt. 🙄"
52,Instagram,YCP,"Hospital services improved so much that patients now wait only 6 hours instead of 8. Progress!",Negative,-0.8,"Hospital services improved so much that patients now wait only 6 hours instead of 8. Progress!"
53,Facebook,TDP,"Employment opportunities everywhere! Just not in this state. Great vision for youth. 👏",Negative,-0.86,"Employment opportunities everywhere! Just not in this state. Great vision for youth. 👏"
54,X,YCP,"Inflation control is masterclass. Prices go up only once a week now. Amazing management!",Negative,-0.89,"Inflation control is masterclass. Prices go up only once a week now. Amazing management!"
55,Facebook,BJP,"सड़क परियोजना इतनी तेज चल रही है कि अगले चुनाव तक पूरी हो जाएगी। शानदार गति!",Negative,-0.83,"The road project is moving so fast that it will be completed by the next election. Brilliant speed!"
56,X,INC,"महंगाई पर नियंत्रण तो कमाल का है। रोटी का दाम सिर्फ दोगुना हुआ है। क्या बात!",Negative,-0.87,"Control over inflation is amazing. The price of bread has only doubled. What a thing!"
57,Instagram,YCP,"पानी की समस्या तो पूरी तरह हल हो गई। अब सिर्फ गर्मी में कटौती होती है। वाह!",Negative,-0.85,"The water problem has been completely solved. Now cuts happen only in summer. Wow!"
58,Facebook,TDP,"शिक्षा व्यवस्था इतनी सुधरी कि स्कूल खुलने का इंतजार ही करना पड़ता है। बेहतरीन!",Negative,-0.8,"The education system has improved so much that one only has to wait for schools to open. Excellent!"
59,X,YCP,"రైతుల కోసం ఎన్నో పథకాలు. అమలు కాకపోయినా హామీలు మాత్రం సూపర్. 👏",Negative,-0.88,"So many schemes for farmers. Even if not implemented, the promises are super. 👏"
60,Facebook,TDP,"అమరావతి పనులు మళ్లీ మొదలయ్యాయి. ఇది ఎన్నోవ సారి అని లెక్క పెట్టడం మానేశాను. 😂",Negative,-0.84,"Amaravati works have started again. I have stopped counting how many times this is. 😂"
61,X,YCP,"కొత్త బస్ టెర్మినల్ ప్రాజెక్ట్ చాలా బాగా నడుస్తోంది. రెండేళ్లుగా నిలిచి ఉంది కదా!",Negative,-0.86,"The new bus terminal project is going very well. It has been standing still for two years after all!"
62,Instagram,TDP,"ఉపాధి అవకాశాలు పెరిగాయి. ఇంట్లో కూర్చుని వెయిట్ చేస్తే చాలు. గొప్ప విజన్!",Negative,-0.83,"Employment opportunities have increased. Just sitting at home and waiting is enough. Great vision!"
63,X,YCP,"Fee reimbursement process is so transparent that students get it after the semester ends. Perfect system! 🙏",Negative,-0.85,"Fee reimbursement process is so transparent that students get it after the semester ends. Perfect system! 🙏"
64,Facebook,TDP,"Housing list released with zero complaints. Because no one got a house. Flawless execution!",Negative,-0.9,"Housing list released with zero complaints. Because no one got a house. Flawless execution!"
65,X,JSP,"Rally was a huge success. Crowd came for free food, stayed for free food. Democracy at work. 😂",Negative,-0.78,"Rally was a huge success. Crowd came for free food, stayed for free food. Democracy at work. 😂"
66,Instagram,YCP,"Corruption free administration is the goal. And we are very close — only a few thousand crores left!",Negative,-0.92,"Corruption free administration is the goal. And we are very close — only a few thousand crores left!"
67,Facebook,TDP,"Youth unemployment is our top priority. That is why we keep talking about it every election. Consistency!",Negative,-0.87,"Youth unemployment is our top priority. That is why we keep talking about it every election. Consistency!"
68,X,YCP,"School condition has improved tremendously. Now the roof leaks only during heavy rain. Quality upgrade!",Negative,-0.81,"School condition has improved tremendously. Now the roof leaks only during heavy rain. Quality upgrade!"
69,Facebook,BJP,"नई योजनाओं की घोषणा रोज हो रही है। अमल की जरूरत ही नहीं पड़ती। शानदार व्यवस्था!",Negative,-0.86,"New schemes are being announced every day. There is no need for implementation at all. Brilliant system!"
70,X,INC,"जनता की समस्याएं सुन ली गईं। अब बस हल करने की जरूरत नहीं। सुनना ही काफी है। वाह!",Negative,-0.84,"The public's problems have been heard. Now there is no need to solve them. Listening is enough. Wow!"
71,Instagram,YCP,"పబ్లిక్ మీటింగ్ చాలా సక్సెస్. ప్రశ్నలు అడిగే వాళ్లు లేకపోవడం గొప్ప విషయం. 👏",Negative,-0.82,"Public meeting was a big success. The absence of people asking questions is a great thing. 👏"
72,Facebook,TDP,"గ్రామాల్లో తాగునీరు సమస్య పూర్తిగా పరిష్కారం. ఇప్పుడు కేవలం వేసవిలోనే కష్టం. సూపర్!",Negative,-0.85,"Drinking water problem in villages is completely solved. Now difficulty only in summer. Super!"
73,X,YCP,"Manifesto lo old promises recycle chesaru. Environment friendly approach. Green politics! 😂",Negative,-0.8,"They recycled old promises in the manifesto. Environment friendly approach. Green politics! 😂"
74,Facebook,TDP,"Customer care response is lightning fast. They reply after three months without fail. Reliable service!",Negative,-0.88,"Customer care response is lightning fast. They reply after three months without fail. Reliable service!"
75,X,YCP,"వోలంటీర్లు ఫ్లడ్ రిలీఫ్ లో చాలా బాగా పని చేశారు. ప్రభుత్వం మాత్రం హామీలు ఇచ్చింది. బ్యాలెన్స్!",Negative,-0.79,"Volunteers did a great job in flood relief. The government only gave promises. Balance!"
76,Instagram,TDP,"Fuel prices controlled perfectly. Increased only twice this month. Common man is thrilled. 🙄",Negative,-0.87,"Fuel prices controlled perfectly. Increased only twice this month. Common man is thrilled. 🙄"
